{
  "title": "DAI Run Report",
  "generated_at": "2025-09-29T19:30:18Z",
  "bundle": {
    "dai_version": "1.1.0",
    "gold_manifest": "gold/manifest.json",
    "checks_green": true
  },
  "schema": {
    "silver": {
      "legislative_activity": "v1"
    },
    "gold": {
      "dai": "v1"
    },
    "registry": {
      "subjects": []
    }
  },
  "sizes": {
    "nodes_total": 4,
    "by_type": {
      "bill": 2,
      "opinion": 1,
      "article": 1
    }
  },
  "dai_stats": {
    "overall": {
      "mean": 0.7949999999999999,
      "median": 0.7849999999999999,
      "p10": 0.716,
      "p90": 0.8820000000000001,
      "min": 0.71,
      "max": 0.9
    },
    "by_type": {
      "bill": {
        "mean": 0.8049999999999999
      },
      "opinion": {
        "mean": 0.84
      },
      "article": {
        "mean": 0.73
      }
    },
    "histogram": [
      {
        "bin": [
          0.0,
          0.05
        ],
        "n": 0
      },
      {
        "bin": [
          0.05,
          0.1
        ],
        "n": 0
      },
      {
        "bin": [
          0.1,
          0.15000000000000002
        ],
        "n": 0
      },
      {
        "bin": [
          0.15000000000000002,
          0.2
        ],
        "n": 0
      },
      {
        "bin": [
          0.2,
          0.25
        ],
        "n": 0
      },
      {
        "bin": [
          0.25,
          0.30000000000000004
        ],
        "n": 0
      },
      {
        "bin": [
          0.30000000000000004,
          0.35000000000000003
        ],
        "n": 0
      },
      {
        "bin": [
          0.35000000000000003,
          0.4
        ],
        "n": 0
      },
      {
        "bin": [
          0.4,
          0.45
        ],
        "n": 0
      },
      {
        "bin": [
          0.45,
          0.5
        ],
        "n": 0
      },
      {
        "bin": [
          0.5,
          0.55
        ],
        "n": 0
      },
      {
        "bin": [
          0.55,
          0.6000000000000001
        ],
        "n": 0
      },
      {
        "bin": [
          0.6000000000000001,
          0.65
        ],
        "n": 0
      },
      {
        "bin": [
          0.65,
          0.7000000000000001
        ],
        "n": 0
      },
      {
        "bin": [
          0.7000000000000001,
          0.75
        ],
        "n": 2
      },
      {
        "bin": [
          0.75,
          0.8
        ],
        "n": 0
      },
      {
        "bin": [
          0.8,
          0.8500000000000001
        ],
        "n": 1
      },
      {
        "bin": [
          0.8500000000000001,
          0.9
        ],
        "n": 0
      },
      {
        "bin": [
          0.9,
          0.9500000000000001
        ],
        "n": 1
      },
      {
        "bin": [
          0.9500000000000001,
          1.0
        ],
        "n": 0
      }
    ]
  },
  "expectations": {
    "rpr_percent": 100.0,
    "summary": [
      {
        "table": "silver.legislative_activity.v1",
        "pass": 3,
        "fail": 0
      },
      {
        "table": "gold.dai_v1",
        "pass": 3,
        "fail": 0
      }
    ]
  },
  "taxonomy": {
    "list_coverage": [
      {
        "issue": "Health",
        "n": 2,
        "mean_dai": 0.815
      },
      {
        "issue": "Criminal Law",
        "n": 1,
        "mean_dai": 0.84
      },
      {
        "issue": "Political Process",
        "n": 1,
        "mean_dai": 0.71
      }
    ],
    "by_issue_hist": []
  },
  "citations": {
    "edge_counts": {
      "cites": 2,
      "amends": 1,
      "supports": 1
    },
    "top_nodes": [
      {
        "node_id": "b-118-hr-1",
        "indegree": 2
      },
      {
        "node_id": "art-2025-09-01",
        "indegree": 2
      }
    ],
    "components": [
      {
        "size": 4
      }
    ]
  },
  "deltas": {
    "against_prev": {
      "nodes_added": 1,
      "nodes_removed": null,
      "mean_dai_delta": 0.02499999999999991,
      "expectation_new_fails": null
    }
  },
  "performance": {
    "rows_processed": {
      "bronze": 3200000,
      "silver": 1200000,
      "gold": 4
    },
    "stage_durations_sec": {
      "bronze": 210,
      "silver": 305,
      "gold": 40
    },
    "build": "replay"
  },
  "raw_tabs": {
    "sample_gold_head": [
      {
        "node_id": "b-118-hr-1",
        "node_type": "bill",
        "dai_score": "0.71",
        "version": "1.0.0"
      },
      {
        "node_id": "b-118-s-23",
        "node_type": "bill",
        "dai_score": "0.90",
        "version": "1.0.0"
      },
      {
        "node_id": "op-410US113",
        "node_type": "opinion",
        "dai_score": "0.84",
        "version": "1.0.0"
      },
      {
        "node_id": "art-2025-09-01",
        "node_type": "article",
        "dai_score": "0.73",
        "version": "1.0.0"
      }
    ],
    "schema_diff": {}
  },
  "top_risks": {
    "checks_largest_impact": [],
    "issues_lowest_mean_dai": [
      {
        "issue": "Health",
        "n": 2,
        "mean_dai": 0.815
      }
    ]
  }
}